fname,label
00063640.wav,Bark Squeak Writing
0013a1db.wav,Bark Squeak Writing
002bb878.wav,Bark Squeak Writing
002d392d.wav,Bark Squeak Writing
00326aa9.wav,Bark Squeak Writing
0038a046.wav,Bark Squeak Writing
003995fa.wav,Bark Squeak Writing
005ae625.wav,Bark Squeak Writing
007759c4.wav,Bark Squeak Writing
008afd93.wav,Bark Squeak Writing
00a161c0.wav,Bark Squeak Writing
00a7a2f6.wav,Bark Squeak Writing
00ae03f6.wav,Bark Squeak Writing
00b2404e.wav,Bark Squeak Writing
00beb030.wav,Bark Squeak Writing
00c4d5b8.wav,Bark Squeak Writing
00c92c05.wav,Bark Squeak Writing
00ccf065.wav,Bark Squeak Writing
00d0ab77.wav,Bark Squeak Writing
00dffe3a.wav,Bark Squeak Writing
00e33205.wav,Bark Squeak Writing
00e7ed07.wav,Bark Squeak Writing
00eac343.wav,Bark Squeak Writing
00f2f692.wav,Bark Squeak Writing
0102a895.wav,Bark Squeak Writing
010a0b3a.wav,Bark Squeak Writing
010eed01.wav,Bark Squeak Writing
01115622.wav,Bark Squeak Writing
01198b7e.wav,Bark Squeak Writing
01207ce5.wav,Bark Squeak Writing
0137bfba.wav,Bark Squeak Writing
014eb52e.wav,Bark Squeak Writing
01608fa3.wav,Bark Squeak Writing
0169348e.wav,Bark Squeak Writing
016e52da.wav,Bark Squeak Writing
0183b482.wav,Bark Squeak Writing
0185de6b.wav,Bark Squeak Writing
01a5a2a3.wav,Bark Squeak Writing
01aed32a.wav,Bark Squeak Writing
01afccc5.wav,Bark Squeak Writing
01b4cdb5.wav,Bark Squeak Writing
01b85217.wav,Bark Squeak Writing
01bb344f.wav,Bark Squeak Writing
01bede12.wav,Bark Squeak Writing
01c9d6d3.wav,Bark Squeak Writing
01e628cb.wav,Bark Squeak Writing
01e6e112.wav,Bark Squeak Writing
01e99e2d.wav,Bark Squeak Writing
01eccb6e.wav,Bark Squeak Writing
01f27f99.wav,Bark Squeak Writing
01f29edb.wav,Bark Squeak Writing
01f9883e.wav,Bark Squeak Writing
01fd22ba.wav,Bark Squeak Writing
01fe4a01.wav,Bark Squeak Writing
02107093.wav,Bark Squeak Writing
02182ebd.wav,Bark Squeak Writing
02198549.wav,Bark Squeak Writing
0220d48a.wav,Bark Squeak Writing
02210ee7.wav,Bark Squeak Writing
022170df.wav,Bark Squeak Writing
023431b2.wav,Bark Squeak Writing
023e7db3.wav,Bark Squeak Writing
023eab1f.wav,Bark Squeak Writing
02482fdc.wav,Bark Squeak Writing
024e45b1.wav,Bark Squeak Writing
026820e6.wav,Bark Squeak Writing
02697329.wav,Bark Squeak Writing
027a8b14.wav,Bark Squeak Writing
027dbe3e.wav,Bark Squeak Writing
027f06cc.wav,Bark Squeak Writing
028278f0.wav,Bark Squeak Writing
028db587.wav,Bark Squeak Writing
02960f07.wav,Bark Squeak Writing
0298b2c6.wav,Bark Squeak Writing
02a0eb3c.wav,Bark Squeak Writing
02ad476f.wav,Bark Squeak Writing
02af55f6.wav,Bark Squeak Writing
02c3af87.wav,Bark Squeak Writing
02c46d0b.wav,Bark Squeak Writing
02c6f112.wav,Bark Squeak Writing
02cb4d01.wav,Bark Squeak Writing
02d5dc55.wav,Bark Squeak Writing
02d9b93c.wav,Bark Squeak Writing
02df943b.wav,Bark Squeak Writing
02e99b5e.wav,Bark Squeak Writing
02f8d82c.wav,Bark Squeak Writing
02fb6c5b.wav,Bark Squeak Writing
0300b76b.wav,Bark Squeak Writing
0303e3a5.wav,Bark Squeak Writing
03079bb2.wav,Bark Squeak Writing
030bacc6.wav,Bark Squeak Writing
030db750.wav,Bark Squeak Writing
0310089a.wav,Bark Squeak Writing
0316ff65.wav,Bark Squeak Writing
03199dbe.wav,Bark Squeak Writing
031b6d8f.wav,Bark Squeak Writing
03319789.wav,Bark Squeak Writing
033a0cbe.wav,Bark Squeak Writing
0345130c.wav,Bark Squeak Writing
034b1b41.wav,Bark Squeak Writing
034c1c69.wav,Bark Squeak Writing
035e420f.wav,Bark Squeak Writing
036c1697.wav,Bark Squeak Writing
036f228c.wav,Bark Squeak Writing
03786473.wav,Bark Squeak Writing
037e7b6f.wav,Bark Squeak Writing
0381efd3.wav,Bark Squeak Writing
038397e9.wav,Bark Squeak Writing
03858091.wav,Bark Squeak Writing
03888259.wav,Bark Squeak Writing
0394e0d4.wav,Bark Squeak Writing
03953467.wav,Bark Squeak Writing
039d36e9.wav,Bark Squeak Writing
03ab8828.wav,Bark Squeak Writing
03af84e5.wav,Bark Squeak Writing
03b7faf1.wav,Bark Squeak Writing
03c1c5f4.wav,Bark Squeak Writing
03c5bfbb.wav,Bark Squeak Writing
03d2bdca.wav,Bark Squeak Writing
03d5a89c.wav,Bark Squeak Writing
03e1e393.wav,Bark Squeak Writing
03e2ecd9.wav,Bark Squeak Writing
03e860b2.wav,Bark Squeak Writing
03f2e21f.wav,Bark Squeak Writing
03f39877.wav,Bark Squeak Writing
03fafd5b.wav,Bark Squeak Writing
03fccc98.wav,Bark Squeak Writing
0402129f.wav,Bark Squeak Writing
040258a9.wav,Bark Squeak Writing
041521b0.wav,Bark Squeak Writing
04154da3.wav,Bark Squeak Writing
0419676b.wav,Bark Squeak Writing
041983cd.wav,Bark Squeak Writing
04199401.wav,Bark Squeak Writing
041c68ec.wav,Bark Squeak Writing
041c7581.wav,Bark Squeak Writing
041eed83.wav,Bark Squeak Writing
0422b811.wav,Bark Squeak Writing
0448c553.wav,Bark Squeak Writing
0448d513.wav,Bark Squeak Writing
044aef8a.wav,Bark Squeak Writing
045931e0.wav,Bark Squeak Writing
0459ee65.wav,Bark Squeak Writing
045c6122.wav,Bark Squeak Writing
045c9ea8.wav,Bark Squeak Writing
04605af5.wav,Bark Squeak Writing
046250d3.wav,Bark Squeak Writing
046486df.wav,Bark Squeak Writing
0468ad68.wav,Bark Squeak Writing
046e86b5.wav,Bark Squeak Writing
047b5857.wav,Bark Squeak Writing
047bf19c.wav,Bark Squeak Writing
047e0d21.wav,Bark Squeak Writing
048470a5.wav,Bark Squeak Writing
04a301e9.wav,Bark Squeak Writing
04ab46a9.wav,Bark Squeak Writing
04ab4e22.wav,Bark Squeak Writing
04b031df.wav,Bark Squeak Writing
04b249bd.wav,Bark Squeak Writing
04b7ef77.wav,Bark Squeak Writing
04bdae57.wav,Bark Squeak Writing
04c2ed9c.wav,Bark Squeak Writing
04d15abd.wav,Bark Squeak Writing
04dbef05.wav,Bark Squeak Writing
04dddbf5.wav,Bark Squeak Writing
04ecda67.wav,Bark Squeak Writing
04ed8568.wav,Bark Squeak Writing
04f232c6.wav,Bark Squeak Writing
04f46a27.wav,Bark Squeak Writing
04f85a49.wav,Bark Squeak Writing
04fb8280.wav,Bark Squeak Writing
0509ce2f.wav,Bark Squeak Writing
0520faf4.wav,Bark Squeak Writing
05296d2a.wav,Bark Squeak Writing
0529d428.wav,Bark Squeak Writing
0539bb41.wav,Bark Squeak Writing
053a5fc6.wav,Bark Squeak Writing
053b4c56.wav,Bark Squeak Writing
053e7bb5.wav,Bark Squeak Writing
054508f3.wav,Bark Squeak Writing
0548124b.wav,Bark Squeak Writing
054dbf39.wav,Bark Squeak Writing
054eeab6.wav,Bark Squeak Writing
05562991.wav,Bark Squeak Writing
0558af35.wav,Bark Squeak Writing
0568741b.wav,Bark Squeak Writing
05723b3a.wav,Bark Squeak Writing
057425e6.wav,Bark Squeak Writing
0576d7ba.wav,Bark Squeak Writing
057c2963.wav,Bark Squeak Writing
0586f0e0.wav,Bark Squeak Writing
058a0e87.wav,Bark Squeak Writing
058e63ea.wav,Bark Squeak Writing
0594d8c2.wav,Bark Squeak Writing
059d5420.wav,Bark Squeak Writing
059ffef4.wav,Bark Squeak Writing
05a15a14.wav,Bark Squeak Writing
05ad10fb.wav,Bark Squeak Writing
05ae0583.wav,Bark Squeak Writing
05c2056b.wav,Bark Squeak Writing
05c8453f.wav,Bark Squeak Writing
05cae96f.wav,Bark Squeak Writing
05cc88d2.wav,Bark Squeak Writing
05ccb0ff.wav,Bark Squeak Writing
05f3c709.wav,Bark Squeak Writing
05f40290.wav,Bark Squeak Writing
05fc58ee.wav,Bark Squeak Writing
05fca090.wav,Bark Squeak Writing
060428bd.wav,Bark Squeak Writing
0608d8b7.wav,Bark Squeak Writing
06123abf.wav,Bark Squeak Writing
062c3119.wav,Bark Squeak Writing
062f9f91.wav,Bark Squeak Writing
06308a6b.wav,Bark Squeak Writing
0630cf5e.wav,Bark Squeak Writing
0638da1a.wav,Bark Squeak Writing
063d81f8.wav,Bark Squeak Writing
06718b47.wav,Bark Squeak Writing
0671a98a.wav,Bark Squeak Writing
06775f3c.wav,Bark Squeak Writing
0678a571.wav,Bark Squeak Writing
067d6a04.wav,Bark Squeak Writing
06827666.wav,Bark Squeak Writing
0682b1f6.wav,Bark Squeak Writing
0689d2f6.wav,Bark Squeak Writing
069b1efa.wav,Bark Squeak Writing
069b4384.wav,Bark Squeak Writing
069e4fb3.wav,Bark Squeak Writing
06b27161.wav,Bark Squeak Writing
06bb374e.wav,Bark Squeak Writing
06bd2694.wav,Bark Squeak Writing
06c33b21.wav,Bark Squeak Writing
06c535eb.wav,Bark Squeak Writing
06d4796b.wav,Bark Squeak Writing
06dcd7a0.wav,Bark Squeak Writing
06e1d866.wav,Bark Squeak Writing
06e4a7a3.wav,Bark Squeak Writing
06e4c394.wav,Bark Squeak Writing
06ee2e39.wav,Bark Squeak Writing
06faccbf.wav,Bark Squeak Writing
06fbe4da.wav,Bark Squeak Writing
070096e9.wav,Bark Squeak Writing
070204c5.wav,Bark Squeak Writing
07038d45.wav,Bark Squeak Writing
07063bc9.wav,Bark Squeak Writing
070fea08.wav,Bark Squeak Writing
0716b51d.wav,Bark Squeak Writing
071b2b62.wav,Bark Squeak Writing
071e7724.wav,Bark Squeak Writing
071f4c75.wav,Bark Squeak Writing
0722054b.wav,Bark Squeak Writing
07256457.wav,Bark Squeak Writing
0730b080.wav,Bark Squeak Writing
0736d78e.wav,Bark Squeak Writing
073d6755.wav,Bark Squeak Writing
0745def5.wav,Bark Squeak Writing
0751e141.wav,Bark Squeak Writing
0755629f.wav,Bark Squeak Writing
075591e8.wav,Bark Squeak Writing
0760a9e7.wav,Bark Squeak Writing
076176f4.wav,Bark Squeak Writing
0761d26b.wav,Bark Squeak Writing
07642d1b.wav,Bark Squeak Writing
07682400.wav,Bark Squeak Writing
076d3b6c.wav,Bark Squeak Writing
0776b083.wav,Bark Squeak Writing
07776603.wav,Bark Squeak Writing
0779cb34.wav,Bark Squeak Writing
077a7711.wav,Bark Squeak Writing
0790d4f8.wav,Bark Squeak Writing
079367a7.wav,Bark Squeak Writing
07954767.wav,Bark Squeak Writing
07989042.wav,Bark Squeak Writing
0799369e.wav,Bark Squeak Writing
079faac8.wav,Bark Squeak Writing
07a8ddbf.wav,Bark Squeak Writing
07ab0dcf.wav,Bark Squeak Writing
07b0fe34.wav,Bark Squeak Writing
07b9c04c.wav,Bark Squeak Writing
07bac4d1.wav,Bark Squeak Writing
07c4fd98.wav,Bark Squeak Writing
07c8463e.wav,Bark Squeak Writing
07c95625.wav,Bark Squeak Writing
07cf422e.wav,Bark Squeak Writing
07cffb09.wav,Bark Squeak Writing
07d5cca9.wav,Bark Squeak Writing
07d62787.wav,Bark Squeak Writing
07dcd326.wav,Bark Squeak Writing
07eef0c0.wav,Bark Squeak Writing
07f06f30.wav,Bark Squeak Writing
07f1dab7.wav,Bark Squeak Writing
07fbde49.wav,Bark Squeak Writing
0802d9ec.wav,Bark Squeak Writing
080b53cc.wav,Bark Squeak Writing
081fbfd3.wav,Bark Squeak Writing
082cd9fe.wav,Bark Squeak Writing
083bba3c.wav,Bark Squeak Writing
0841041b.wav,Bark Squeak Writing
08426322.wav,Bark Squeak Writing
0844d331.wav,Bark Squeak Writing
08593822.wav,Bark Squeak Writing
085a9c5b.wav,Bark Squeak Writing
087248e6.wav,Bark Squeak Writing
087ed746.wav,Bark Squeak Writing
08854d8c.wav,Bark Squeak Writing
088bb565.wav,Bark Squeak Writing
08904a43.wav,Bark Squeak Writing
08911c36.wav,Bark Squeak Writing
08941c53.wav,Bark Squeak Writing
0894d11f.wav,Bark Squeak Writing
089f1097.wav,Bark Squeak Writing
089f44b1.wav,Bark Squeak Writing
08a82608.wav,Bark Squeak Writing
08be795d.wav,Bark Squeak Writing
08c9a7f7.wav,Bark Squeak Writing
08d23bb8.wav,Bark Squeak Writing
08d9501a.wav,Bark Squeak Writing
08ddd56e.wav,Bark Squeak Writing
08e27974.wav,Bark Squeak Writing
08ecc0a1.wav,Bark Squeak Writing
08f4b16b.wav,Bark Squeak Writing
08fcf830.wav,Bark Squeak Writing
0921f1f2.wav,Bark Squeak Writing
092a73e5.wav,Bark Squeak Writing
092d89a0.wav,Bark Squeak Writing
093963d5.wav,Bark Squeak Writing
0943fc2d.wav,Bark Squeak Writing
09481a4c.wav,Bark Squeak Writing
095428e8.wav,Bark Squeak Writing
09553ca1.wav,Bark Squeak Writing
095dd27c.wav,Bark Squeak Writing
0967cebd.wav,Bark Squeak Writing
0969d9d1.wav,Bark Squeak Writing
096c3969.wav,Bark Squeak Writing
096fd039.wav,Bark Squeak Writing
0976741c.wav,Bark Squeak Writing
097cdef5.wav,Bark Squeak Writing
0984ea36.wav,Bark Squeak Writing
0995f876.wav,Bark Squeak Writing
09983766.wav,Bark Squeak Writing
09a14a8e.wav,Bark Squeak Writing
09b3e21c.wav,Bark Squeak Writing
09c7044c.wav,Bark Squeak Writing
09c71587.wav,Bark Squeak Writing
09c8f697.wav,Bark Squeak Writing
09c9b50b.wav,Bark Squeak Writing
09cba9de.wav,Bark Squeak Writing
09d0535a.wav,Bark Squeak Writing
09d2d1c0.wav,Bark Squeak Writing
09e5a0ee.wav,Bark Squeak Writing
09e83f2a.wav,Bark Squeak Writing
09eb9ddb.wav,Bark Squeak Writing
09ec3afd.wav,Bark Squeak Writing
09f02a4a.wav,Bark Squeak Writing
09f55e64.wav,Bark Squeak Writing
0a001dfe.wav,Bark Squeak Writing
0a00b1a8.wav,Bark Squeak Writing
0a0b26cc.wav,Bark Squeak Writing
0a23fde2.wav,Bark Squeak Writing
0a3d6e55.wav,Bark Squeak Writing
0a429107.wav,Bark Squeak Writing
0a5cbf90.wav,Bark Squeak Writing
0a5f818e.wav,Bark Squeak Writing
0a6219e5.wav,Bark Squeak Writing
0a67826b.wav,Bark Squeak Writing
0a695221.wav,Bark Squeak Writing
0a6ecade.wav,Bark Squeak Writing
0a71e42d.wav,Bark Squeak Writing
0a79ddf7.wav,Bark Squeak Writing
0a7c7060.wav,Bark Squeak Writing
0a7fbd54.wav,Bark Squeak Writing
0a7ff75b.wav,Bark Squeak Writing
0a848902.wav,Bark Squeak Writing
0a8b7299.wav,Bark Squeak Writing
0a8d849e.wav,Bark Squeak Writing
0a979caf.wav,Bark Squeak Writing
0aaa4d2f.wav,Bark Squeak Writing
0aab4d0f.wav,Bark Squeak Writing
0ab56675.wav,Bark Squeak Writing
0ab99db4.wav,Bark Squeak Writing
0acc6947.wav,Bark Squeak Writing
0ace560e.wav,Bark Squeak Writing
0ace703f.wav,Bark Squeak Writing
0ad916a0.wav,Bark Squeak Writing
0adf81d5.wav,Bark Squeak Writing
0ae1945c.wav,Bark Squeak Writing
0af843ea.wav,Bark Squeak Writing
0b0132c8.wav,Bark Squeak Writing
0b0427e2.wav,Double_bass Shatter Bus
0b07dc21.wav,Bark Squeak Writing
0b0df9a0.wav,Bark Squeak Writing
0b157a67.wav,Bark Squeak Writing
0b232eb1.wav,Bark Squeak Writing
0b244358.wav,Bark Squeak Writing
0b273087.wav,Bark Squeak Writing
0b278db1.wav,Bark Squeak Writing
0b2f18fa.wav,Bark Squeak Writing
0b321436.wav,Bark Squeak Writing
0b32ee85.wav,Bark Squeak Writing
0b38f744.wav,Bark Squeak Writing
0b3c86c9.wav,Bark Squeak Writing
0b430780.wav,Bark Squeak Writing
0b495758.wav,Bark Squeak Writing
0b4bb93c.wav,Bark Squeak Writing
0b50d4c8.wav,Bark Squeak Writing
0b58b074.wav,Bark Squeak Writing
0b58c7e9.wav,Bark Squeak Writing
0b5fb43f.wav,Bark Squeak Writing
0b62b09f.wav,Bark Squeak Writing
0b752229.wav,Bark Squeak Writing
0b763e4f.wav,Bark Squeak Writing
0b79fdea.wav,Bark Squeak Writing
0b7b694c.wav,Bark Squeak Writing
0b8844bd.wav,Bark Squeak Writing
0b8b79ad.wav,Bark Squeak Writing
0b8dfa34.wav,Bark Squeak Writing
0b9415cd.wav,Bark Squeak Writing
0ba34dec.wav,Bark Squeak Writing
0baa37ed.wav,Bark Squeak Writing
0bb6a21d.wav,Bark Squeak Writing
0bb807c0.wav,Bark Squeak Writing
0bc52ede.wav,Bark Squeak Writing
0bc8ad78.wav,Bark Squeak Writing
0bc938fb.wav,Bark Squeak Writing
0bd5adf9.wav,Bark Squeak Writing
0bdc064a.wav,Bark Squeak Writing
0be5aa79.wav,Bark Squeak Writing
0be7620d.wav,Bark Squeak Writing
0beb8325.wav,Bark Squeak Writing
0bec9842.wav,Bark Squeak Writing
0befc5cb.wav,Bark Squeak Writing
0bf9fbd3.wav,Bark Squeak Writing
0c13feb9.wav,Bark Squeak Writing
0c1bb3e9.wav,Bark Squeak Writing
0c1fbece.wav,Bark Squeak Writing
0c27bc2d.wav,Bark Squeak Writing
0c31ca4c.wav,Bark Squeak Writing
0c3b5861.wav,Bark Squeak Writing
0c3dfac0.wav,Bark Squeak Writing
0c40bbb0.wav,Bark Squeak Writing
0c4de54a.wav,Bark Squeak Writing
0c561099.wav,Bark Squeak Writing
0c58f71a.wav,Bark Squeak Writing
0c654cc0.wav,Bark Squeak Writing
0c6ccd3a.wav,Bark Squeak Writing
0c7311f7.wav,Bark Squeak Writing
0c736a0f.wav,Bark Squeak Writing
0c7a124d.wav,Bark Squeak Writing
0c7a8b1b.wav,Bark Squeak Writing
0c7c51fa.wav,Bark Squeak Writing
0c8071a4.wav,Bark Squeak Writing
0c80cb97.wav,Bark Squeak Writing
0c80f6dc.wav,Bark Squeak Writing
0c91a6b2.wav,Bark Squeak Writing
0c9250b8.wav,Bark Squeak Writing
0ca5bba6.wav,Bark Squeak Writing
0cb0d029.wav,Bark Squeak Writing
0cb48b8e.wav,Bark Squeak Writing
0cb5b4a8.wav,Bark Squeak Writing
0cbe7e42.wav,Bark Squeak Writing
0cc0af58.wav,Bark Squeak Writing
0cd0ec27.wav,Bark Squeak Writing
0cd0f2ef.wav,Bark Squeak Writing
0ce09e4a.wav,Bark Squeak Writing
0ce127f9.wav,Bark Squeak Writing
0ceaab13.wav,Bark Squeak Writing
0ceb2140.wav,Bark Squeak Writing
0cec29e8.wav,Bark Squeak Writing
0cefa487.wav,Bark Squeak Writing
0cf2bcda.wav,Bark Squeak Writing
0cf319fa.wav,Bark Squeak Writing
0cf34718.wav,Bark Squeak Writing
0cf34f6e.wav,Bark Squeak Writing
0d056139.wav,Bark Squeak Writing
0d1bf5b4.wav,Bark Squeak Writing
0d20e8f7.wav,Bark Squeak Writing
0d23dd3a.wav,Bark Squeak Writing
0d242640.wav,Bark Squeak Writing
0d2d13b7.wav,Bark Squeak Writing
0d34cc5a.wav,Bark Squeak Writing
0d415918.wav,Bark Squeak Writing
0d449433.wav,Bark Squeak Writing
0d4ca47e.wav,Bark Squeak Writing
0d5bb142.wav,Bark Squeak Writing
0d6e2584.wav,Bark Squeak Writing
0d7549a4.wav,Bark Squeak Writing
0d7f7f76.wav,Bark Squeak Writing
0d89b6a4.wav,Bark Squeak Writing
0d8d0cbd.wav,Bark Squeak Writing
0d90d498.wav,Bark Squeak Writing
0d950fc6.wav,Bark Squeak Writing
0d976b22.wav,Bark Squeak Writing
0d98574f.wav,Bark Squeak Writing
0d99cfde.wav,Bark Squeak Writing
0d9de265.wav,Bark Squeak Writing
0da2acf4.wav,Bark Squeak Writing
0da592f2.wav,Bark Squeak Writing
0daa7a68.wav,Bark Squeak Writing
0db0fb36.wav,Bark Squeak Writing
0db21ee8.wav,Bark Squeak Writing
0db35f79.wav,Bark Squeak Writing
0db65bf4.wav,Bark Squeak Writing
0db6ac5f.wav,Bark Squeak Writing
0dbb37b3.wav,Bark Squeak Writing
0dc193fe.wav,Bark Squeak Writing
0dc7fd72.wav,Bark Squeak Writing
0dd0e034.wav,Bark Squeak Writing
0dd68380.wav,Bark Squeak Writing
0de4b9f0.wav,Bark Squeak Writing
0def8cc7.wav,Bark Squeak Writing
0df38dfd.wav,Bark Squeak Writing
0e06ba41.wav,Bark Squeak Writing
0e12c15c.wav,Bark Squeak Writing
0e1bd033.wav,Bark Squeak Writing
0e23a6f4.wav,Bark Squeak Writing
0e26ccc9.wav,Bark Squeak Writing
0e2d428f.wav,Bark Squeak Writing
0e2ff60a.wav,Bark Squeak Writing
0e373704.wav,Bark Squeak Writing
0e398b30.wav,Bark Squeak Writing
0e3b99ce.wav,Bark Squeak Writing
0e3cdc5d.wav,Bark Squeak Writing
0e3d8062.wav,Bark Squeak Writing
0e45be94.wav,Bark Squeak Writing
0e468de3.wav,Bark Squeak Writing
0e507ea4.wav,Bark Squeak Writing
0e5184a9.wav,Bark Squeak Writing
0e551b02.wav,Bark Squeak Writing
0e596194.wav,Bark Squeak Writing
0e596a0b.wav,Bark Squeak Writing
0e5a2f7e.wav,Bark Squeak Writing
0e5e9be8.wav,Bark Squeak Writing
0e666b44.wav,Bark Squeak Writing
0e6a2b2e.wav,Bark Squeak Writing
0e70bdaa.wav,Bark Squeak Writing
0e722a03.wav,Bark Squeak Writing
0e7aea38.wav,Bark Squeak Writing
0e7d6e2d.wav,Bark Squeak Writing
0e7e36b2.wav,Bark Squeak Writing
0e889160.wav,Bark Squeak Writing
0e8ccc81.wav,Bark Squeak Writing
0e95fbb5.wav,Bark Squeak Writing
0e9c6c50.wav,Bark Squeak Writing
0ea36a9f.wav,Bark Squeak Writing
0ea9839a.wav,Bark Squeak Writing
0eb8b04e.wav,Bark Squeak Writing
0ec5f052.wav,Bark Squeak Writing
0ed387f3.wav,Bark Squeak Writing
0edbfc63.wav,Bark Squeak Writing
0eead3a5.wav,Bark Squeak Writing
0ef36ea1.wav,Bark Squeak Writing
0f0b1ca2.wav,Bark Squeak Writing
0f0d26ff.wav,Bark Squeak Writing
0f0e6fcb.wav,Bark Squeak Writing
0f186af1.wav,Bark Squeak Writing
0f1b4552.wav,Bark Squeak Writing
0f3786e3.wav,Bark Squeak Writing
0f3ac4c8.wav,Bark Squeak Writing
0f45b11a.wav,Bark Squeak Writing
0f4db823.wav,Bark Squeak Writing
0f4edd6e.wav,Bark Squeak Writing
0f5182eb.wav,Bark Squeak Writing
0f53de64.wav,Bark Squeak Writing
0f54592d.wav,Bark Squeak Writing
0f545c0a.wav,Bark Squeak Writing
0f5d35da.wav,Bark Squeak Writing
0f6b702d.wav,Bark Squeak Writing
0f6bd0ae.wav,Bark Squeak Writing
0f6dd6d8.wav,Bark Squeak Writing
0f7080a5.wav,Bark Squeak Writing
0f712cb7.wav,Bark Squeak Writing
0f7784da.wav,Bark Squeak Writing
0f784c9c.wav,Bark Squeak Writing
0f826ebb.wav,Bark Squeak Writing
0f9ff067.wav,Bark Squeak Writing
0fac704f.wav,Bark Squeak Writing
0fae3120.wav,Bark Squeak Writing
0fba4394.wav,Bark Squeak Writing
0fc2e748.wav,Bark Squeak Writing
0fc6872b.wav,Bark Squeak Writing
0fcc66b7.wav,Bark Squeak Writing
0fcd2371.wav,Bark Squeak Writing
0fd0464f.wav,Bark Squeak Writing
0fd07de6.wav,Bark Squeak Writing
0fd76662.wav,Bark Squeak Writing
0fe4be7c.wav,Bark Squeak Writing
0fe4e425.wav,Bark Squeak Writing
0feb250e.wav,Bark Squeak Writing
10010bbd.wav,Bark Squeak Writing
10039900.wav,Bark Squeak Writing
10098579.wav,Bark Squeak Writing
100c5246.wav,Bark Squeak Writing
10109319.wav,Bark Squeak Writing
10121a69.wav,Bark Squeak Writing
10145c52.wav,Bark Squeak Writing
10145c60.wav,Bark Squeak Writing
101c0bd4.wav,Bark Squeak Writing
1023611b.wav,Bark Squeak Writing
10252b9e.wav,Bark Squeak Writing
103bac20.wav,Bark Squeak Writing
104489a6.wav,Bark Squeak Writing
10480421.wav,Bark Squeak Writing
1048ea58.wav,Bark Squeak Writing
1050c329.wav,Bark Squeak Writing
1054db8c.wav,Bark Squeak Writing
1057f6f9.wav,Bark Squeak Writing
106c682c.wav,Bark Squeak Writing
1071703e.wav,Bark Squeak Writing
10729c8a.wav,Bark Squeak Writing
1079e2d1.wav,Bark Squeak Writing
107e3cbe.wav,Bark Squeak Writing
108b5bef.wav,Bark Squeak Writing
109321f2.wav,Bark Squeak Writing
10949041.wav,Bark Squeak Writing
1099a7a8.wav,Bark Squeak Writing
10d3b2ec.wav,Bark Squeak Writing
10d5c4ce.wav,Bark Squeak Writing
10d73c58.wav,Bark Squeak Writing
10d9053b.wav,Bark Squeak Writing
10d9265f.wav,Bark Squeak Writing
10dba05f.wav,Bark Squeak Writing
10dddec0.wav,Bark Squeak Writing
10e46486.wav,Bark Squeak Writing
10f6ad27.wav,Bark Squeak Writing
11041746.wav,Bark Squeak Writing
111dd875.wav,Bark Squeak Writing
112283e8.wav,Bark Squeak Writing
1122c26f.wav,Bark Squeak Writing
112da824.wav,Bark Squeak Writing
11338182.wav,Bark Squeak Writing
113b0e32.wav,Bark Squeak Writing
113d2ca9.wav,Bark Squeak Writing
1141793d.wav,Bark Squeak Writing
11442d0e.wav,Bark Squeak Writing
1146e063.wav,Bark Squeak Writing
11544687.wav,Bark Squeak Writing
115a258b.wav,Bark Squeak Writing
115aa41f.wav,Bark Squeak Writing
116b77d5.wav,Bark Squeak Writing
11704d14.wav,Bark Squeak Writing
11770392.wav,Bark Squeak Writing
117dcac8.wav,Bark Squeak Writing
11844b37.wav,Bark Squeak Writing
11867b61.wav,Bark Squeak Writing
1189cf83.wav,Bark Squeak Writing
118f1763.wav,Bark Squeak Writing
11986117.wav,Bark Squeak Writing
119a3278.wav,Bark Squeak Writing
11a10ce8.wav,Bark Squeak Writing
11a4f814.wav,Bark Squeak Writing
11ae787e.wav,Bark Squeak Writing
11cc6d11.wav,Bark Squeak Writing
11e6a1ec.wav,Bark Squeak Writing
11e80486.wav,Bark Squeak Writing
11e95378.wav,Bark Squeak Writing
11edc852.wav,Bark Squeak Writing
11f661bd.wav,Bark Squeak Writing
11f6b674.wav,Bark Squeak Writing
11fa11a0.wav,Bark Squeak Writing
12034b1a.wav,Bark Squeak Writing
120c7292.wav,Bark Squeak Writing
1221a798.wav,Bark Squeak Writing
122abe8c.wav,Bark Squeak Writing
122f1508.wav,Bark Squeak Writing
12394644.wav,Bark Squeak Writing
123986b6.wav,Bark Squeak Writing
1242ac46.wav,Bark Squeak Writing
1248a779.wav,Bark Squeak Writing
1248f9e2.wav,Bark Squeak Writing
12508a7b.wav,Bark Squeak Writing
12584f90.wav,Bark Squeak Writing
125c89cb.wav,Bark Squeak Writing
125dccd9.wav,Bark Squeak Writing
12679aee.wav,Bark Squeak Writing
126a48d2.wav,Bark Squeak Writing
1271e7aa.wav,Bark Squeak Writing
12770ffc.wav,Bark Squeak Writing
12798b6a.wav,Bark Squeak Writing
127a43ec.wav,Bark Squeak Writing
127d3803.wav,Bark Squeak Writing
12a0327a.wav,Bark Squeak Writing
12a83756.wav,Bark Squeak Writing
12ac9a66.wav,Bark Squeak Writing
12adec75.wav,Bark Squeak Writing
12ae3ff9.wav,Bark Squeak Writing
12bb4b63.wav,Bark Squeak Writing
12bf9735.wav,Bark Squeak Writing
12bfa703.wav,Bark Squeak Writing
12c73c11.wav,Bark Squeak Writing
12d71e7f.wav,Bark Squeak Writing
12d94273.wav,Bark Squeak Writing
12e91a56.wav,Bark Squeak Writing
12ed3971.wav,Bark Squeak Writing
12edfe79.wav,Bark Squeak Writing
12f5ec05.wav,Bark Squeak Writing
12f71a9d.wav,Bark Squeak Writing
12f9efda.wav,Bark Squeak Writing
12fb2e35.wav,Bark Squeak Writing
130112d1.wav,Bark Squeak Writing
1302eade.wav,Bark Squeak Writing
130988c6.wav,Bark Squeak Writing
13184046.wav,Bark Squeak Writing
13331371.wav,Bark Squeak Writing
13354f83.wav,Bark Squeak Writing
133599c8.wav,Bark Squeak Writing
13371a0b.wav,Bark Squeak Writing
133a1dac.wav,Bark Squeak Writing
13489639.wav,Bark Squeak Writing
138bb73e.wav,Bark Squeak Writing
1391b6b2.wav,Bark Squeak Writing
13979584.wav,Bark Squeak Writing
139ab603.wav,Bark Squeak Writing
139aebb0.wav,Bark Squeak Writing
13a6fa65.wav,Bark Squeak Writing
13a9b494.wav,Bark Squeak Writing
13b9e681.wav,Bark Squeak Writing
13bd9ca7.wav,Bark Squeak Writing
13c4e7ef.wav,Bark Squeak Writing
13c6f3c2.wav,Bark Squeak Writing
13cc0201.wav,Bark Squeak Writing
13d4af26.wav,Bark Squeak Writing
13d5aec7.wav,Bark Squeak Writing
13d6fb26.wav,Bark Squeak Writing
13e1e624.wav,Bark Squeak Writing
13e2b96a.wav,Bark Squeak Writing
13e4f495.wav,Bark Squeak Writing
13ee85d2.wav,Bark Squeak Writing
13f663b3.wav,Bark Squeak Writing
14031155.wav,Bark Squeak Writing
14041984.wav,Bark Squeak Writing
140d79b0.wav,Bark Squeak Writing
14182f8e.wav,Bark Squeak Writing
141a7b5d.wav,Bark Squeak Writing
141d4ba2.wav,Bark Squeak Writing
142258b7.wav,Bark Squeak Writing
1437b371.wav,Bark Squeak Writing
143feb4e.wav,Bark Squeak Writing
144157e4.wav,Bark Squeak Writing
14448a8a.wav,Bark Squeak Writing
1457e269.wav,Bark Squeak Writing
1460cf8c.wav,Bark Squeak Writing
1467ad73.wav,Bark Squeak Writing
1472c52c.wav,Bark Squeak Writing
147b4b92.wav,Bark Squeak Writing
14825a40.wav,Bark Squeak Writing
14973511.wav,Bark Squeak Writing
14a35fad.wav,Bark Squeak Writing
14a40516.wav,Bark Squeak Writing
14acb290.wav,Bark Squeak Writing
14acdf0f.wav,Bark Squeak Writing
14b028c5.wav,Bark Squeak Writing
14ba2025.wav,Bark Squeak Writing
14bb9803.wav,Bark Squeak Writing
14bbc9cf.wav,Bark Squeak Writing
14bd9082.wav,Bark Squeak Writing
14c45684.wav,Bark Squeak Writing
14c6a761.wav,Bark Squeak Writing
14c71e9e.wav,Bark Squeak Writing
14cd4f75.wav,Bark Squeak Writing
14d6a6a0.wav,Bark Squeak Writing
14dcf709.wav,Bark Squeak Writing
14e7e9ac.wav,Bark Squeak Writing
14f70585.wav,Bark Squeak Writing
14f708da.wav,Bark Squeak Writing
1502179d.wav,Bark Squeak Writing
150429d6.wav,Bark Squeak Writing
150e1dd2.wav,Bark Squeak Writing
151254c2.wav,Bark Squeak Writing
15125f5f.wav,Bark Squeak Writing
15139a13.wav,Bark Squeak Writing
1515bb19.wav,Bark Squeak Writing
15184f5f.wav,Bark Squeak Writing
15190a5f.wav,Bark Squeak Writing
1519b35f.wav,Bark Squeak Writing
15295b70.wav,Bark Squeak Writing
152f3667.wav,Bark Squeak Writing
15345e4a.wav,Bark Squeak Writing
15389a70.wav,Bark Squeak Writing
153a0440.wav,Bark Squeak Writing
153f814a.wav,Bark Squeak Writing
1545d3db.wav,Bark Squeak Writing
15603fd9.wav,Bark Squeak Writing
15719ed6.wav,Bark Squeak Writing
15750f4b.wav,Bark Squeak Writing
158607fd.wav,Bark Squeak Writing
15860b48.wav,Bark Squeak Writing
158a30ac.wav,Bark Squeak Writing
158bd28f.wav,Bark Squeak Writing
159e8bfb.wav,Bark Squeak Writing
15af3daf.wav,Bark Squeak Writing
15ba6e85.wav,Bark Squeak Writing
15bc9bf6.wav,Bark Squeak Writing
15bfb7ad.wav,Bark Squeak Writing
15ce5db3.wav,Bark Squeak Writing
15d87509.wav,Bark Squeak Writing
15df8abd.wav,Bark Squeak Writing
15f246da.wav,Bark Squeak Writing
15f4101c.wav,Bark Squeak Writing
15f5c90b.wav,Bark Squeak Writing
15f6fc67.wav,Bark Squeak Writing
160853bc.wav,Bark Squeak Writing
160f466f.wav,Bark Squeak Writing
1615df90.wav,Bark Squeak Writing
161d4ab4.wav,Bark Squeak Writing
162e8246.wav,Bark Squeak Writing
16345547.wav,Bark Squeak Writing
16348aa9.wav,Bark Squeak Writing
163b9ad7.wav,Bark Squeak Writing
16431ede.wav,Bark Squeak Writing
164b4c89.wav,Bark Squeak Writing
164f3510.wav,Bark Squeak Writing
165bc5ea.wav,Bark Squeak Writing
16612ee5.wav,Bark Squeak Writing
166649ff.wav,Bark Squeak Writing
166699d1.wav,Bark Squeak Writing
167438db.wav,Bark Squeak Writing
1674eaff.wav,Bark Squeak Writing
16750658.wav,Bark Squeak Writing
167d07c1.wav,Bark Squeak Writing
168dde05.wav,Bark Squeak Writing
169187fd.wav,Bark Squeak Writing
1692752a.wav,Bark Squeak Writing
16991fc7.wav,Bark Squeak Writing
1699bae8.wav,Bark Squeak Writing
16a2e687.wav,Bark Squeak Writing
16aaa6b7.wav,Bark Squeak Writing
16bd65e1.wav,Bark Squeak Writing
16bd8f47.wav,Bark Squeak Writing
16c01f9b.wav,Bark Squeak Writing
16c8058b.wav,Bark Squeak Writing
16cda087.wav,Bark Squeak Writing
16cf8831.wav,Bark Squeak Writing
16d0c74a.wav,Bark Squeak Writing
16d4034a.wav,Bark Squeak Writing
16e89d43.wav,Bark Squeak Writing
16ec0be8.wav,Bark Squeak Writing
16f71d9e.wav,Bark Squeak Writing
170e0bb1.wav,Bark Squeak Writing
170ee500.wav,Bark Squeak Writing
170f53d8.wav,Bark Squeak Writing
17153cf6.wav,Bark Squeak Writing
171d5e5d.wav,Bark Squeak Writing
1723feb0.wav,Bark Squeak Writing
17312128.wav,Bark Squeak Writing
17356873.wav,Bark Squeak Writing
173e49ef.wav,Bark Squeak Writing
173ea625.wav,Bark Squeak Writing
17455a79.wav,Bark Squeak Writing
17490d6b.wav,Bark Squeak Writing
174b0363.wav,Bark Squeak Writing
17511eae.wav,Bark Squeak Writing
1760e135.wav,Bark Squeak Writing
17617f21.wav,Bark Squeak Writing
17674111.wav,Bark Squeak Writing
176e2113.wav,Bark Squeak Writing
1771861b.wav,Bark Squeak Writing
17744d78.wav,Bark Squeak Writing
1779afe8.wav,Bark Squeak Writing
177ce933.wav,Bark Squeak Writing
177f344a.wav,Bark Squeak Writing
1781c115.wav,Bark Squeak Writing
1788e6f6.wav,Bark Squeak Writing
17955a9f.wav,Bark Squeak Writing
1796f9cb.wav,Bark Squeak Writing
17985dae.wav,Bark Squeak Writing
17a4e6f1.wav,Bark Squeak Writing
17a5de4f.wav,Bark Squeak Writing
17a87178.wav,Bark Squeak Writing
17ad9090.wav,Bark Squeak Writing
17b474ef.wav,Bark Squeak Writing
17b61ce8.wav,Bark Squeak Writing
17c07953.wav,Bark Squeak Writing
17c3c741.wav,Bark Squeak Writing
17c6a405.wav,Bark Squeak Writing
17cb084e.wav,Bark Squeak Writing
17cf92a5.wav,Bark Squeak Writing
17cfddcf.wav,Bark Squeak Writing
17d75970.wav,Bark Squeak Writing
17dba240.wav,Bark Squeak Writing
17e3144e.wav,Bark Squeak Writing
17e829a7.wav,Bark Squeak Writing
17edf1e0.wav,Bark Squeak Writing
17ee3009.wav,Bark Squeak Writing
17fc511c.wav,Bark Squeak Writing
18063bf0.wav,Bark Squeak Writing
1806ff82.wav,Bark Squeak Writing
180d82cc.wav,Bark Squeak Writing
1810cd33.wav,Bark Squeak Writing
181505d1.wav,Bark Squeak Writing
1819a7b7.wav,Bark Squeak Writing
18210526.wav,Bark Squeak Writing
18229e72.wav,Bark Squeak Writing
18253631.wav,Bark Squeak Writing
1837f058.wav,Bark Squeak Writing
18452dbe.wav,Bark Squeak Writing
184c3a72.wav,Bark Squeak Writing
1850e006.wav,Bark Squeak Writing
1858f370.wav,Bark Squeak Writing
1874843c.wav,Bark Squeak Writing
187532f8.wav,Bark Squeak Writing
187d9e6e.wav,Bark Squeak Writing
187e3878.wav,Bark Squeak Writing
18841b79.wav,Bark Squeak Writing
18885439.wav,Bark Squeak Writing
189441e1.wav,Bark Squeak Writing
1898f7b6.wav,Bark Squeak Writing
18a625d3.wav,Bark Squeak Writing
18a6df57.wav,Bark Squeak Writing
18b27945.wav,Bark Squeak Writing
18b390aa.wav,Bark Squeak Writing
18b60e7c.wav,Bark Squeak Writing
18b6a781.wav,Bark Squeak Writing
18bc04e0.wav,Bark Squeak Writing
18bc6c72.wav,Bark Squeak Writing
18c8750a.wav,Bark Squeak Writing
18d60f74.wav,Bark Squeak Writing
18d8abc6.wav,Bark Squeak Writing
18de723e.wav,Bark Squeak Writing
18e228c9.wav,Bark Squeak Writing
18e2418d.wav,Bark Squeak Writing
18e3eb8c.wav,Bark Squeak Writing
18e8e2ac.wav,Bark Squeak Writing
18ea036e.wav,Bark Squeak Writing
18f3a477.wav,Bark Squeak Writing
18f56a28.wav,Bark Squeak Writing
190cd2ef.wav,Bark Squeak Writing
190f0ca0.wav,Bark Squeak Writing
191087dd.wav,Bark Squeak Writing
19125f06.wav,Bark Squeak Writing
1919c4b7.wav,Bark Squeak Writing
19202922.wav,Bark Squeak Writing
192b0f83.wav,Bark Squeak Writing
192d38cf.wav,Bark Squeak Writing
192ddfa1.wav,Bark Squeak Writing
19390e56.wav,Bark Squeak Writing
193d9d2a.wav,Bark Squeak Writing
19416771.wav,Bark Squeak Writing
19488282.wav,Bark Squeak Writing
194d4fda.wav,Bark Squeak Writing
19507c1a.wav,Bark Squeak Writing
19536d06.wav,Bark Squeak Writing
19544e43.wav,Bark Squeak Writing
19570da6.wav,Bark Squeak Writing
195b0c65.wav,Bark Squeak Writing
197366a1.wav,Bark Squeak Writing
198e4540.wav,Bark Squeak Writing
19a120d3.wav,Bark Squeak Writing
19a2a5c8.wav,Bark Squeak Writing
19a316cc.wav,Bark Squeak Writing
19a33fef.wav,Bark Squeak Writing
19a37eff.wav,Bark Squeak Writing
19a686e2.wav,Bark Squeak Writing
19afe1a7.wav,Bark Squeak Writing
19b5d0da.wav,Bark Squeak Writing
19b7eea0.wav,Bark Squeak Writing
19bb6cb7.wav,Bark Squeak Writing
19bf2ce6.wav,Bark Squeak Writing
19c7d5e3.wav,Bark Squeak Writing
19c987c6.wav,Bark Squeak Writing
19d11a47.wav,Bark Squeak Writing
19d3f305.wav,Bark Squeak Writing
19d4d324.wav,Bark Squeak Writing
19d99b8e.wav,Bark Squeak Writing
19dd0adf.wav,Bark Squeak Writing
19de8357.wav,Bark Squeak Writing
19e18ee3.wav,Bark Squeak Writing
19e6b24a.wav,Bark Squeak Writing
19e6ef89.wav,Bark Squeak Writing
19e9e878.wav,Bark Squeak Writing
1a01aa4d.wav,Bark Squeak Writing
1a1227e2.wav,Bark Squeak Writing
1a14b601.wav,Bark Squeak Writing
1a1da2bf.wav,Bark Squeak Writing
1a21ea60.wav,Bark Squeak Writing
1a281fda.wav,Bark Squeak Writing
1a29b341.wav,Bark Squeak Writing
1a2f7f1a.wav,Bark Squeak Writing
1a33953a.wav,Bark Squeak Writing
1a35ff8a.wav,Bark Squeak Writing
1a397af4.wav,Bark Squeak Writing
1a3cf6de.wav,Bark Squeak Writing
1a4085ff.wav,Bark Squeak Writing
1a46e9e3.wav,Bark Squeak Writing
1a47fb84.wav,Bark Squeak Writing
1a4cd763.wav,Bark Squeak Writing
1a52350b.wav,Bark Squeak Writing
1a74d00f.wav,Bark Squeak Writing
1a7618a1.wav,Bark Squeak Writing
1a836d36.wav,Bark Squeak Writing
1a862948.wav,Bark Squeak Writing
1a99c876.wav,Bark Squeak Writing
1a9afa92.wav,Bark Squeak Writing
1ab0c900.wav,Bark Squeak Writing
1ace26c4.wav,Bark Squeak Writing
1ae0231e.wav,Bark Squeak Writing
1ae2b5fa.wav,Bark Squeak Writing
1ae9b98d.wav,Bark Squeak Writing
1af722d1.wav,Bark Squeak Writing
1afb9f93.wav,Bark Squeak Writing
1b004964.wav,Bark Squeak Writing
1b098b97.wav,Bark Squeak Writing
1b12b1e4.wav,Bark Squeak Writing
1b19cbdc.wav,Bark Squeak Writing
1b2cedea.wav,Bark Squeak Writing
1b2d2eb0.wav,Bark Squeak Writing
1b31d71a.wav,Bark Squeak Writing
1b34f72f.wav,Bark Squeak Writing
1b3e0883.wav,Bark Squeak Writing
1b3e2c90.wav,Bark Squeak Writing
1b3ff3e3.wav,Bark Squeak Writing
1b493d48.wav,Bark Squeak Writing
1b4fa840.wav,Bark Squeak Writing
1b74b785.wav,Bark Squeak Writing
1b75d261.wav,Bark Squeak Writing
1b7c4e2b.wav,Bark Squeak Writing
1b8034fc.wav,Bark Squeak Writing
1b889126.wav,Bark Squeak Writing
1b88d7ed.wav,Bark Squeak Writing
1b937248.wav,Bark Squeak Writing
1b9ea23e.wav,Bark Squeak Writing
1ba287ab.wav,Bark Squeak Writing
1ba7d175.wav,Bark Squeak Writing
1bae1f0b.wav,Bark Squeak Writing
1bb20333.wav,Bark Squeak Writing
1be801e3.wav,Bark Squeak Writing
1bf44f35.wav,Bark Squeak Writing
1bf693b4.wav,Bark Squeak Writing
1bf6b145.wav,Bark Squeak Writing
1bff2b1f.wav,Bark Squeak Writing
1c01994c.wav,Bark Squeak Writing
1c0b1492.wav,Bark Squeak Writing
1c0bb5ac.wav,Bark Squeak Writing
1c1562b1.wav,Bark Squeak Writing
1c30344f.wav,Bark Squeak Writing
1c317f0b.wav,Bark Squeak Writing
1c35850e.wav,Bark Squeak Writing
1c365ceb.wav,Bark Squeak Writing
1c37d9ab.wav,Bark Squeak Writing
1c39822b.wav,Bark Squeak Writing
1c44cef3.wav,Bark Squeak Writing
1c4c454a.wav,Bark Squeak Writing
1c538cbe.wav,Bark Squeak Writing
1c55199a.wav,Bark Squeak Writing
1c661f20.wav,Bark Squeak Writing
1c664c64.wav,Bark Squeak Writing
1c67014c.wav,Bark Squeak Writing
1c692b4d.wav,Bark Squeak Writing
1c71ef05.wav,Bark Squeak Writing
1c75b34c.wav,Bark Squeak Writing
1c8f42bf.wav,Bark Squeak Writing
1c9ac38c.wav,Bark Squeak Writing
1ca6610b.wav,Bark Squeak Writing
1cb0ba38.wav,Bark Squeak Writing
1cb49809.wav,Bark Squeak Writing
1cb6cef9.wav,Bark Squeak Writing
1cbc36e4.wav,Bark Squeak Writing
1cbdc6d4.wav,Bark Squeak Writing
1cc8a3d5.wav,Bark Squeak Writing
1cd4aae5.wav,Bark Squeak Writing
1cdcfc87.wav,Bark Squeak Writing
1ce16b1a.wav,Bark Squeak Writing
1ce5c4d8.wav,Bark Squeak Writing
1cff8cc1.wav,Bark Squeak Writing
1cffd032.wav,Bark Squeak Writing
1d030689.wav,Bark Squeak Writing
1d06734e.wav,Bark Squeak Writing
1d0efb5d.wav,Bark Squeak Writing
1d12222d.wav,Bark Squeak Writing
1d15592d.wav,Bark Squeak Writing
1d20d1a4.wav,Bark Squeak Writing
1d2efb23.wav,Bark Squeak Writing
1d2f5756.wav,Bark Squeak Writing
1d2feaeb.wav,Bark Squeak Writing
1d34997d.wav,Bark Squeak Writing
1d398ebc.wav,Bark Squeak Writing
1d49edfa.wav,Bark Squeak Writing
1d4afd29.wav,Bark Squeak Writing
1d58ee7a.wav,Bark Squeak Writing
1d5a7a99.wav,Bark Squeak Writing
1d5ecf23.wav,Bark Squeak Writing
1d5f2c6b.wav,Bark Squeak Writing
1d60166d.wav,Bark Squeak Writing
1d6703ef.wav,Bark Squeak Writing
1d6a839a.wav,Bark Squeak Writing
1d73513c.wav,Bark Squeak Writing
1d813ffe.wav,Bark Squeak Writing
1d834d42.wav,Bark Squeak Writing
1d8fe11d.wav,Bark Squeak Writing
1d9090fc.wav,Bark Squeak Writing
1d987419.wav,Bark Squeak Writing
1d998952.wav,Bark Squeak Writing
1da6fc0c.wav,Bark Squeak Writing
1db18a10.wav,Bark Squeak Writing
1db39661.wav,Bark Squeak Writing
1db6e253.wav,Bark Squeak Writing
1dba45ae.wav,Bark Squeak Writing
1dc28976.wav,Bark Squeak Writing
1dc31ae5.wav,Bark Squeak Writing
1dccf3a3.wav,Bark Squeak Writing
1dd17652.wav,Bark Squeak Writing
1dd1d2d1.wav,Bark Squeak Writing
1dd84241.wav,Bark Squeak Writing
1ddb2687.wav,Bark Squeak Writing
1de811ce.wav,Bark Squeak Writing
1dec0b63.wav,Bark Squeak Writing
1ded57a4.wav,Bark Squeak Writing
1df6fd40.wav,Bark Squeak Writing
1df8268c.wav,Bark Squeak Writing
1e0d2403.wav,Bark Squeak Writing
1e16cb1d.wav,Bark Squeak Writing
1e1b4d46.wav,Bark Squeak Writing
1e30691f.wav,Bark Squeak Writing
1e337eda.wav,Bark Squeak Writing
1e341076.wav,Bark Squeak Writing
1e3ca391.wav,Bark Squeak Writing
1e429935.wav,Bark Squeak Writing
1e446435.wav,Bark Squeak Writing
1e585e85.wav,Bark Squeak Writing
1e5863c9.wav,Bark Squeak Writing
1e5a89bf.wav,Bark Squeak Writing
1e698a4a.wav,Bark Squeak Writing
1e6d6b12.wav,Bark Squeak Writing
1e6dbc30.wav,Bark Squeak Writing
1e70367a.wav,Bark Squeak Writing
1e74131c.wav,Bark Squeak Writing
1e8b3890.wav,Bark Squeak Writing
1e8c9ea6.wav,Bark Squeak Writing
1e8ff880.wav,Bark Squeak Writing
1e92e05a.wav,Bark Squeak Writing
1ea4b244.wav,Bark Squeak Writing
1ea599c6.wav,Bark Squeak Writing
1ec2eab8.wav,Bark Squeak Writing
1ec6c9c2.wav,Bark Squeak Writing
1ed7d644.wav,Bark Squeak Writing
1eddc154.wav,Bark Squeak Writing
1ee01322.wav,Bark Squeak Writing
1ee40c0c.wav,Bark Squeak Writing
1ee7ef83.wav,Bark Squeak Writing
1eeb38a7.wav,Bark Squeak Writing
1ef40308.wav,Bark Squeak Writing
1efc693b.wav,Bark Squeak Writing
1f0c013f.wav,Bark Squeak Writing
1f153ce8.wav,Bark Squeak Writing
1f1fd692.wav,Bark Squeak Writing
1f242424.wav,Bark Squeak Writing
1f312f80.wav,Bark Squeak Writing
1f368932.wav,Bark Squeak Writing
1f3856c2.wav,Bark Squeak Writing
1f389629.wav,Bark Squeak Writing
1f3a50a0.wav,Bark Squeak Writing
1f41ab46.wav,Bark Squeak Writing
1f4220ff.wav,Bark Squeak Writing
1f45804c.wav,Bark Squeak Writing
1f4b5cad.wav,Bark Squeak Writing
1f4e18a5.wav,Bark Squeak Writing
1f56ab7c.wav,Bark Squeak Writing
1f595d94.wav,Bark Squeak Writing
1f5e8747.wav,Bark Squeak Writing
1f5ffe93.wav,Bark Squeak Writing
1f6a1b37.wav,Bark Squeak Writing
1f811a0e.wav,Bark Squeak Writing
1f8bd432.wav,Bark Squeak Writing
1f8c49d9.wav,Bark Squeak Writing
1f8ce32b.wav,Bark Squeak Writing
1f90c35b.wav,Bark Squeak Writing
1f90f2d0.wav,Bark Squeak Writing
1f927a31.wav,Bark Squeak Writing
1f92a818.wav,Bark Squeak Writing
1f930b2c.wav,Bark Squeak Writing
1f98ef16.wav,Bark Squeak Writing
1fb6239e.wav,Bark Squeak Writing
1fb9cfa5.wav,Bark Squeak Writing
1fbce1a0.wav,Bark Squeak Writing
1fc58e0f.wav,Bark Squeak Writing
1fca15e6.wav,Bark Squeak Writing
1fd0397d.wav,Bark Squeak Writing
1fd536ea.wav,Bark Squeak Writing
1fd6440c.wav,Bark Squeak Writing
1fd6787f.wav,Bark Squeak Writing
1fe092a5.wav,Bark Squeak Writing
1fe5e63d.wav,Bark Squeak Writing
1fea13cc.wav,Bark Squeak Writing
1fef8a97.wav,Bark Squeak Writing
1ff0ec08.wav,Bark Squeak Writing
1ffdc20f.wav,Bark Squeak Writing
200e6d52.wav,Bark Squeak Writing
201971e7.wav,Bark Squeak Writing
201b29ef.wav,Bark Squeak Writing
201c4361.wav,Bark Squeak Writing
2026cd76.wav,Bark Squeak Writing
202caa66.wav,Bark Squeak Writing
202d5a05.wav,Bark Squeak Writing
202ed586.wav,Bark Squeak Writing
20379099.wav,Bark Squeak Writing
203f3d63.wav,Bark Squeak Writing
204fea82.wav,Bark Squeak Writing
2058f848.wav,Bark Squeak Writing
20607b2f.wav,Bark Squeak Writing
2060f941.wav,Bark Squeak Writing
2064a566.wav,Bark Squeak Writing
206595a3.wav,Bark Squeak Writing
207b5701.wav,Bark Squeak Writing
2082b994.wav,Bark Squeak Writing
208e1f80.wav,Bark Squeak Writing
20921ce7.wav,Bark Squeak Writing
20952acc.wav,Bark Squeak Writing
20961a62.wav,Bark Squeak Writing
20a1e647.wav,Bark Squeak Writing
20a9b42d.wav,Bark Squeak Writing
20ae3b24.wav,Bark Squeak Writing
20b395d8.wav,Bark Squeak Writing
20b8936f.wav,Bark Squeak Writing
20c0ed21.wav,Bark Squeak Writing
20d52059.wav,Bark Squeak Writing
20e9b791.wav,Bark Squeak Writing
20ecadb7.wav,Bark Squeak Writing
20ef27a9.wav,Bark Squeak Writing
20f8e34e.wav,Bark Squeak Writing
20fb92eb.wav,Bark Squeak Writing
20fe4ec1.wav,Bark Squeak Writing
2103391b.wav,Bark Squeak Writing
21139df7.wav,Bark Squeak Writing
212e3c73.wav,Bark Squeak Writing
2133ad94.wav,Bark Squeak Writing
2133b212.wav,Bark Squeak Writing
2134ac77.wav,Bark Squeak Writing
2136dc16.wav,Bark Squeak Writing
21384fec.wav,Bark Squeak Writing
214f67ca.wav,Bark Squeak Writing
215cbf31.wav,Bark Squeak Writing
216a20e4.wav,Bark Squeak Writing
2172c87f.wav,Bark Squeak Writing
2174fe5c.wav,Bark Squeak Writing
2177220a.wav,Bark Squeak Writing
218650eb.wav,Bark Squeak Writing
2187cb81.wav,Bark Squeak Writing
21888a67.wav,Bark Squeak Writing
2196f89c.wav,Bark Squeak Writing
219f1658.wav,Bark Squeak Writing
21a4cc39.wav,Bark Squeak Writing
21ac86e9.wav,Bark Squeak Writing
21acb432.wav,Bark Squeak Writing
21b3170c.wav,Bark Squeak Writing
21b3b0cf.wav,Bark Squeak Writing
21b4e1f1.wav,Bark Squeak Writing
21bb3cae.wav,Bark Squeak Writing
21c1105b.wav,Bark Squeak Writing
21ca4637.wav,Bark Squeak Writing
21d14004.wav,Bark Squeak Writing
21d36543.wav,Bark Squeak Writing
21dec696.wav,Bark Squeak Writing
21df14f7.wav,Bark Squeak Writing
21e3e612.wav,Bark Squeak Writing
21fae6b1.wav,Bark Squeak Writing
22025272.wav,Bark Squeak Writing
220a2e6d.wav,Bark Squeak Writing
2216fc49.wav,Bark Squeak Writing
221c27f7.wav,Bark Squeak Writing
22244948.wav,Bark Squeak Writing
2235d899.wav,Bark Squeak Writing
223753b5.wav,Bark Squeak Writing
223b7df6.wav,Bark Squeak Writing
223bc959.wav,Bark Squeak Writing
224ab14d.wav,Bark Squeak Writing
224de930.wav,Bark Squeak Writing
225d9633.wav,Bark Squeak Writing
225e3135.wav,Bark Squeak Writing
225f0626.wav,Bark Squeak Writing
2261073e.wav,Bark Squeak Writing
226ea2c6.wav,Bark Squeak Writing
227f2c50.wav,Bark Squeak Writing
228153f2.wav,Bark Squeak Writing
22824c18.wav,Bark Squeak Writing
22891802.wav,Bark Squeak Writing
2293e34d.wav,Bark Squeak Writing
22abde0a.wav,Bark Squeak Writing
22b2efa2.wav,Bark Squeak Writing
22b5a548.wav,Bark Squeak Writing
22c3952c.wav,Bark Squeak Writing
22c798ac.wav,Bark Squeak Writing
22ca2dbb.wav,Bark Squeak Writing
22e88b33.wav,Bark Squeak Writing
22f3b36c.wav,Bark Squeak Writing
22f70afe.wav,Bark Squeak Writing
23029663.wav,Bark Squeak Writing
23071dd2.wav,Bark Squeak Writing
23094c55.wav,Bark Squeak Writing
230ce5d5.wav,Bark Squeak Writing
23176e01.wav,Bark Squeak Writing
231d230c.wav,Bark Squeak Writing
231e9e57.wav,Bark Squeak Writing
231f314d.wav,Bark Squeak Writing
232750a8.wav,Bark Squeak Writing
232ec97b.wav,Bark Squeak Writing
23300ded.wav,Bark Squeak Writing
233996cf.wav,Bark Squeak Writing
233a83b7.wav,Bark Squeak Writing
233d0591.wav,Bark Squeak Writing
233d8cbb.wav,Bark Squeak Writing
235dbbf0.wav,Bark Squeak Writing
2369256d.wav,Bark Squeak Writing
23732830.wav,Bark Squeak Writing
23824542.wav,Bark Squeak Writing
23852f22.wav,Bark Squeak Writing
238d7b37.wav,Bark Squeak Writing
238d8cad.wav,Bark Squeak Writing
238deaad.wav,Bark Squeak Writing
23984d44.wav,Bark Squeak Writing
239988bc.wav,Bark Squeak Writing
2399acef.wav,Bark Squeak Writing
23bae3b1.wav,Bark Squeak Writing
23bf31da.wav,Bark Squeak Writing
23ca551e.wav,Bark Squeak Writing
23cdfc67.wav,Bark Squeak Writing
23d1d920.wav,Bark Squeak Writing
23d4cbff.wav,Bark Squeak Writing
23e94e4f.wav,Bark Squeak Writing
23ede927.wav,Bark Squeak Writing
23f2b1f7.wav,Bark Squeak Writing
23f592dd.wav,Bark Squeak Writing
23f8b4b0.wav,Bark Squeak Writing
23fc49d9.wav,Bark Squeak Writing
240c45cb.wav,Bark Squeak Writing
240d2bb2.wav,Bark Squeak Writing
240dfb34.wav,Bark Squeak Writing
241224d6.wav,Bark Squeak Writing
242118f2.wav,Bark Squeak Writing
2421d14b.wav,Bark Squeak Writing
2423598a.wav,Bark Squeak Writing
2429265b.wav,Bark Squeak Writing
242ea92c.wav,Bark Squeak Writing
2436090e.wav,Bark Squeak Writing
243ab0b7.wav,Bark Squeak Writing
2442e7c6.wav,Bark Squeak Writing
244618d7.wav,Bark Squeak Writing
244baebc.wav,Bark Squeak Writing
244dc716.wav,Bark Squeak Writing
24599c96.wav,Bark Squeak Writing
24602db6.wav,Bark Squeak Writing
2472cdfe.wav,Bark Squeak Writing
247431d8.wav,Bark Squeak Writing
247a90a0.wav,Bark Squeak Writing
2487cd7b.wav,Bark Squeak Writing
248e1ea5.wav,Bark Squeak Writing
249d9580.wav,Bark Squeak Writing
24a8c4c4.wav,Bark Squeak Writing
24adc8ef.wav,Bark Squeak Writing
24c622f6.wav,Bark Squeak Writing
24ca6163.wav,Bark Squeak Writing
24cb1de7.wav,Bark Squeak Writing
24cb7cdd.wav,Bark Squeak Writing
24db4a9b.wav,Bark Squeak Writing
24e7cbad.wav,Bark Squeak Writing
24f112b3.wav,Bark Squeak Writing
24f24bc6.wav,Bark Squeak Writing
24f79ae9.wav,Bark Squeak Writing
250dad68.wav,Bark Squeak Writing
251397f9.wav,Bark Squeak Writing
253158f3.wav,Bark Squeak Writing
25497688.wav,Bark Squeak Writing
25510ad1.wav,Bark Squeak Writing
25580be4.wav,Bark Squeak Writing
25587ccb.wav,Bark Squeak Writing
256056a2.wav,Bark Squeak Writing
2564d3d4.wav,Bark Squeak Writing
256570a9.wav,Bark Squeak Writing
25661e6d.wav,Bark Squeak Writing
25694e28.wav,Bark Squeak Writing
258f1bfa.wav,Bark Squeak Writing
259100ab.wav,Bark Squeak Writing
2594db13.wav,Bark Squeak Writing
25988d89.wav,Bark Squeak Writing
259af139.wav,Bark Squeak Writing
25a91ed6.wav,Bark Squeak Writing
25b93dfb.wav,Bark Squeak Writing
25be0153.wav,Bark Squeak Writing
25d4a81a.wav,Bark Squeak Writing
25e59f61.wav,Bark Squeak Writing
25e67de2.wav,Bark Squeak Writing
25eb383d.wav,Bark Squeak Writing
25fbafbe.wav,Bark Squeak Writing
260bb8da.wav,Bark Squeak Writing
260e583d.wav,Bark Squeak Writing
261331aa.wav,Bark Squeak Writing
261a71de.wav,Bark Squeak Writing
261fdeb9.wav,Bark Squeak Writing
2634e42c.wav,Bark Squeak Writing
2638d3c3.wav,Bark Squeak Writing
265908b6.wav,Bark Squeak Writing
266f7023.wav,Bark Squeak Writing
2672f2c0.wav,Bark Squeak Writing
2676d124.wav,Bark Squeak Writing
26798084.wav,Bark Squeak Writing
267bad15.wav,Bark Squeak Writing
267d784e.wav,Bark Squeak Writing
26827561.wav,Bark Squeak Writing
268979ed.wav,Bark Squeak Writing
268e844b.wav,Bark Squeak Writing
26930084.wav,Bark Squeak Writing
26b570f6.wav,Bark Squeak Writing
26b59974.wav,Bark Squeak Writing
26bb8f56.wav,Bark Squeak Writing
26be525f.wav,Bark Squeak Writing
26d01867.wav,Bark Squeak Writing
26d0d1ab.wav,Bark Squeak Writing
26d385dc.wav,Bark Squeak Writing
26df2e2d.wav,Bark Squeak Writing
26dfd4b5.wav,Bark Squeak Writing
26e16e53.wav,Bark Squeak Writing
26e34006.wav,Bark Squeak Writing
26ea093e.wav,Bark Squeak Writing
26f533d4.wav,Bark Squeak Writing
2705bac2.wav,Bark Squeak Writing
270da7bc.wav,Bark Squeak Writing
270db3dc.wav,Bark Squeak Writing
2710dc94.wav,Bark Squeak Writing
2715fb9c.wav,Bark Squeak Writing
27172052.wav,Bark Squeak Writing
27295d65.wav,Bark Squeak Writing
272e7b10.wav,Bark Squeak Writing
27490e84.wav,Bark Squeak Writing
274a903d.wav,Bark Squeak Writing
274e9b94.wav,Bark Squeak Writing
2750c860.wav,Bark Squeak Writing
2755f7b6.wav,Bark Squeak Writing
276513ea.wav,Bark Squeak Writing
2765283f.wav,Bark Squeak Writing
2769d7b7.wav,Bark Squeak Writing
276a23a7.wav,Bark Squeak Writing
276b9cbe.wav,Bark Squeak Writing
276f8f90.wav,Bark Squeak Writing
277b5cdb.wav,Bark Squeak Writing
277c56ef.wav,Bark Squeak Writing
2784b758.wav,Bark Squeak Writing
2799c40e.wav,Bark Squeak Writing
27a43ff5.wav,Bark Squeak Writing
27a48e10.wav,Bark Squeak Writing
27a68b55.wav,Bark Squeak Writing
27be3341.wav,Bark Squeak Writing
27c6d974.wav,Bark Squeak Writing
27d0b45b.wav,Bark Squeak Writing
27d3ad33.wav,Bark Squeak Writing
27d61cf7.wav,Bark Squeak Writing
27e31009.wav,Bark Squeak Writing
27ebc5bc.wav,Bark Squeak Writing
28027cea.wav,Bark Squeak Writing
28048da4.wav,Bark Squeak Writing
2804c60c.wav,Bark Squeak Writing
280625c0.wav,Bark Squeak Writing
280a3d2b.wav,Bark Squeak Writing
280e4268.wav,Bark Squeak Writing
280e6f34.wav,Bark Squeak Writing
281060c4.wav,Bark Squeak Writing
281706c2.wav,Bark Squeak Writing
281be83f.wav,Bark Squeak Writing
282133d1.wav,Bark Squeak Writing
2821a9d4.wav,Bark Squeak Writing
28242abf.wav,Bark Squeak Writing
28265fec.wav,Bark Squeak Writing
28282534.wav,Bark Squeak Writing
28388232.wav,Bark Squeak Writing
28471616.wav,Bark Squeak Writing
2848a64d.wav,Bark Squeak Writing
2849b57a.wav,Bark Squeak Writing
2855f7d8.wav,Bark Squeak Writing
285e09c8.wav,Bark Squeak Writing
2866cae5.wav,Bark Squeak Writing
2867fd4f.wav,Bark Squeak Writing
286df5e5.wav,Bark Squeak Writing
286f0905.wav,Bark Squeak Writing
286f4efe.wav,Bark Squeak Writing
28815c9a.wav,Bark Squeak Writing
2885d0bc.wav,Bark Squeak Writing
288abdfc.wav,Bark Squeak Writing
288b4a00.wav,Bark Squeak Writing
288c4290.wav,Bark Squeak Writing
2890602c.wav,Bark Squeak Writing
289ac958.wav,Bark Squeak Writing
28a9595d.wav,Bark Squeak Writing
28b6ff25.wav,Bark Squeak Writing
28b9c8e2.wav,Bark Squeak Writing
28bfb700.wav,Bark Squeak Writing
28c65e4d.wav,Bark Squeak Writing
28ccb57e.wav,Bark Squeak Writing
28d2325b.wav,Bark Squeak Writing
28d992e4.wav,Bark Squeak Writing
28e10213.wav,Bark Squeak Writing
28e59c89.wav,Bark Squeak Writing
29031e07.wav,Bark Squeak Writing
2911ff39.wav,Bark Squeak Writing
29156b8d.wav,Bark Squeak Writing
292001cc.wav,Bark Squeak Writing
292f53d4.wav,Bark Squeak Writing
292f9f92.wav,Bark Squeak Writing
293110a0.wav,Bark Squeak Writing
293350f5.wav,Bark Squeak Writing
293680af.wav,Bark Squeak Writing
2936b44d.wav,Bark Squeak Writing
2948ed98.wav,Bark Squeak Writing
29627bb1.wav,Bark Squeak Writing
296b8746.wav,Bark Squeak Writing
296e4a14.wav,Bark Squeak Writing
29730e21.wav,Bark Squeak Writing
2976b7eb.wav,Bark Squeak Writing
2977e22d.wav,Bark Squeak Writing
29851744.wav,Bark Squeak Writing
29863569.wav,Bark Squeak Writing
299606e0.wav,Bark Squeak Writing
299a2a64.wav,Bark Squeak Writing
29a4a1b8.wav,Bark Squeak Writing
29a56bfd.wav,Bark Squeak Writing
29aa96ed.wav,Bark Squeak Writing
29aaa09e.wav,Bark Squeak Writing
29b4394a.wav,Bark Squeak Writing
29c41f5b.wav,Bark Squeak Writing
29c6d965.wav,Bark Squeak Writing
29d4e143.wav,Bark Squeak Writing
29e0c1f9.wav,Bark Squeak Writing
29e18126.wav,Bark Squeak Writing
29e3048d.wav,Bark Squeak Writing
29e7edd8.wav,Bark Squeak Writing
29eb4695.wav,Bark Squeak Writing
29f217a8.wav,Bark Squeak Writing
29f34904.wav,Bark Squeak Writing
29fd1b32.wav,Bark Squeak Writing
2a036994.wav,Bark Squeak Writing
2a09a776.wav,Bark Squeak Writing
2a1380db.wav,Bark Squeak Writing
2a2c69dd.wav,Bark Squeak Writing
2a30d22e.wav,Bark Squeak Writing
2a3560b3.wav,Bark Squeak Writing
2a38bb35.wav,Bark Squeak Writing
2a4a615f.wav,Bark Squeak Writing
2a51669c.wav,Bark Squeak Writing
2a53ffd3.wav,Bark Squeak Writing
2a55aedb.wav,Bark Squeak Writing
2a5f6682.wav,Bark Squeak Writing
2a6b7f88.wav,Bark Squeak Writing
2a7149a2.wav,Bark Squeak Writing
2a7d138e.wav,Bark Squeak Writing
2a870f04.wav,Bark Squeak Writing
2a8da3e8.wav,Bark Squeak Writing
2a91718b.wav,Bark Squeak Writing
2a93f776.wav,Bark Squeak Writing
2aac07cd.wav,Bark Squeak Writing
2aafb503.wav,Bark Squeak Writing
2ab61fed.wav,Bark Squeak Writing
2ac3592d.wav,Bark Squeak Writing
2ac47eb6.wav,Bark Squeak Writing
2ac578ac.wav,Bark Squeak Writing
2ac73118.wav,Bark Squeak Writing
2ac77c6a.wav,Bark Squeak Writing
2ac794ca.wav,Bark Squeak Writing
2ad0199d.wav,Bark Squeak Writing
2ad16a55.wav,Bark Squeak Writing
2ad4c3c4.wav,Bark Squeak Writing
2ad5c7c8.wav,Bark Squeak Writing
2af7ee6c.wav,Bark Squeak Writing
2af98814.wav,Bark Squeak Writing
2b04a6a9.wav,Bark Squeak Writing
2b0f0ad5.wav,Bark Squeak Writing
2b1202ab.wav,Bark Squeak Writing
2b14749b.wav,Bark Squeak Writing
2b15e07a.wav,Bark Squeak Writing
2b17033b.wav,Bark Squeak Writing
2b1dabdf.wav,Bark Squeak Writing
2b1f7f1c.wav,Bark Squeak Writing
2b29c860.wav,Bark Squeak Writing
2b3b7b03.wav,Bark Squeak Writing
2b4b7943.wav,Bark Squeak Writing
2b6252cc.wav,Bark Squeak Writing
2b6c13e3.wav,Bark Squeak Writing
2b7b39be.wav,Bark Squeak Writing
2b83debf.wav,Bark Squeak Writing
2b8e6892.wav,Bark Squeak Writing
2b8f6e49.wav,Bark Squeak Writing
2b911d99.wav,Bark Squeak Writing
2bb1d055.wav,Bark Squeak Writing
2bb34f54.wav,Bark Squeak Writing
2bb8ee50.wav,Bark Squeak Writing
2bbfe44e.wav,Bark Squeak Writing
2bcb69fd.wav,Bark Squeak Writing
2bd000e5.wav,Bark Squeak Writing
2bd1f850.wav,Bark Squeak Writing
2be1bae5.wav,Bark Squeak Writing
2be25f5e.wav,Bark Squeak Writing
2bf36fef.wav,Bark Squeak Writing
2c01a86f.wav,Bark Squeak Writing
2c14ed19.wav,Bark Squeak Writing
2c287b2c.wav,Bark Squeak Writing
2c403fbe.wav,Bark Squeak Writing
2c41a64d.wav,Bark Squeak Writing
2c57ecb0.wav,Bark Squeak Writing
2c5bad59.wav,Bark Squeak Writing
2c5e7ee0.wav,Bark Squeak Writing
2c6ab95a.wav,Bark Squeak Writing
2c718199.wav,Bark Squeak Writing
2c780aaa.wav,Bark Squeak Writing
2c8de08f.wav,Bark Squeak Writing
2c9139a2.wav,Bark Squeak Writing
2c96dab1.wav,Bark Squeak Writing
2ca3f48b.wav,Bark Squeak Writing
2caa9b82.wav,Bark Squeak Writing
2cb3663f.wav,Bark Squeak Writing
2cb6b373.wav,Bark Squeak Writing
2cbea1f4.wav,Bark Squeak Writing
2cc136b6.wav,Bark Squeak Writing
2cc34e65.wav,Bark Squeak Writing
2cdbb847.wav,Bark Squeak Writing
2cedb928.wav,Bark Squeak Writing
2cf80a27.wav,Bark Squeak Writing
2cf851f3.wav,Bark Squeak Writing
2cf8a1d7.wav,Bark Squeak Writing
2d0027fd.wav,Bark Squeak Writing
2d0c1839.wav,Bark Squeak Writing
2d0daf66.wav,Bark Squeak Writing
2d17a609.wav,Bark Squeak Writing
2d1863d6.wav,Bark Squeak Writing
2d204120.wav,Bark Squeak Writing
2d204a5d.wav,Bark Squeak Writing
2d21041f.wav,Bark Squeak Writing
2d24682f.wav,Bark Squeak Writing
2d264806.wav,Bark Squeak Writing
2d497cbb.wav,Bark Squeak Writing
2d4e35a0.wav,Bark Squeak Writing
2d589634.wav,Bark Squeak Writing
2d5984c7.wav,Bark Squeak Writing
2d60ba0a.wav,Bark Squeak Writing
2d62f754.wav,Bark Squeak Writing
2d6609d7.wav,Bark Squeak Writing
2d6c1693.wav,Bark Squeak Writing
2d6de409.wav,Bark Squeak Writing
2d7134e3.wav,Bark Squeak Writing
2d720da1.wav,Bark Squeak Writing
2d72aee6.wav,Bark Squeak Writing
2d790368.wav,Bark Squeak Writing
2d7df781.wav,Bark Squeak Writing
2d860064.wav,Bark Squeak Writing
2d8a6242.wav,Bark Squeak Writing
2d8acb10.wav,Bark Squeak Writing
2d9c3949.wav,Bark Squeak Writing
2da2e399.wav,Bark Squeak Writing
2da32b1f.wav,Bark Squeak Writing
2da4fa14.wav,Bark Squeak Writing
2da5b590.wav,Bark Squeak Writing
2da6d104.wav,Bark Squeak Writing
2daa759d.wav,Bark Squeak Writing
2daf019d.wav,Bark Squeak Writing
2db52728.wav,Bark Squeak Writing
2dc10f4d.wav,Bark Squeak Writing
2dc19510.wav,Bark Squeak Writing
2dc50a54.wav,Bark Squeak Writing
2dcbf46b.wav,Bark Squeak Writing
2dd756ed.wav,Bark Squeak Writing
2dd854a7.wav,Bark Squeak Writing
2de19598.wav,Bark Squeak Writing
2debe1cc.wav,Bark Squeak Writing
2df5d098.wav,Bark Squeak Writing
2df859da.wav,Bark Squeak Writing
2e091a70.wav,Bark Squeak Writing
2e0cf9aa.wav,Bark Squeak Writing
2e128a59.wav,Bark Squeak Writing
2e196409.wav,Bark Squeak Writing
2e276aaa.wav,Bark Squeak Writing
2e2c6032.wav,Bark Squeak Writing
2e2f2bc4.wav,Bark Squeak Writing
2e42ccd2.wav,Bark Squeak Writing
2e47a5c2.wav,Bark Squeak Writing
2e49fbc0.wav,Bark Squeak Writing
2e69b622.wav,Bark Squeak Writing
2e6a18f4.wav,Bark Squeak Writing
2e70787c.wav,Bark Squeak Writing
2e7a0263.wav,Bark Squeak Writing
2e956314.wav,Bark Squeak Writing
2e973a41.wav,Bark Squeak Writing
2ead203e.wav,Bark Squeak Writing
2eaeb6b7.wav,Bark Squeak Writing
2eaff904.wav,Bark Squeak Writing
2eb12875.wav,Bark Squeak Writing
2ebe5821.wav,Bark Squeak Writing
2ec1d2da.wav,Bark Squeak Writing
2ec85d18.wav,Bark Squeak Writing
2ec9bc1d.wav,Bark Squeak Writing
2ecb1002.wav,Bark Squeak Writing
2ecca042.wav,Bark Squeak Writing
2ed17427.wav,Bark Squeak Writing
2ed69e64.wav,Bark Squeak Writing
2ed72cd5.wav,Bark Squeak Writing
2f009392.wav,Bark Squeak Writing
2f0a8c80.wav,Bark Squeak Writing
2f0ee302.wav,Bark Squeak Writing
2f1c2612.wav,Bark Squeak Writing
2f2eeab3.wav,Bark Squeak Writing
2f3c179a.wav,Bark Squeak Writing
2f4b9bdc.wav,Bark Squeak Writing
2f5c2852.wav,Bark Squeak Writing
2f74ed29.wav,Bark Squeak Writing
2f74f4f4.wav,Bark Squeak Writing
2f784e3d.wav,Bark Squeak Writing
2f792ac7.wav,Bark Squeak Writing
2f87e47c.wav,Bark Squeak Writing
2f92f1de.wav,Bark Squeak Writing
2f947f7e.wav,Bark Squeak Writing
2f967685.wav,Bark Squeak Writing
2f97d6b3.wav,Bark Squeak Writing
2f9df9d5.wav,Bark Squeak Writing
2facecd2.wav,Bark Squeak Writing
2fb78737.wav,Bark Squeak Writing
2fbb29ed.wav,Bark Squeak Writing
2fc2ba69.wav,Bark Squeak Writing
2fd2722a.wav,Bark Squeak Writing
2fd62d32.wav,Bark Squeak Writing
2fda731f.wav,Bark Squeak Writing
2fda8c20.wav,Bark Squeak Writing
2fdb5f6a.wav,Bark Squeak Writing
2fea5e19.wav,Bark Squeak Writing
2fefb864.wav,Bark Squeak Writing
2fff17ff.wav,Bark Squeak Writing
30029d43.wav,Bark Squeak Writing
301a0f8d.wav,Bark Squeak Writing
30232933.wav,Bark Squeak Writing
302465d6.wav,Bark Squeak Writing
3024ad07.wav,Bark Squeak Writing
302bc9d1.wav,Bark Squeak Writing
30396d04.wav,Bark Squeak Writing
303dcdc3.wav,Bark Squeak Writing
304cb001.wav,Bark Squeak Writing
304f58c8.wav,Bark Squeak Writing
3053d06b.wav,Bark Squeak Writing
305d1932.wav,Bark Squeak Writing
3062dedb.wav,Bark Squeak Writing
3073a264.wav,Bark Squeak Writing
30762ab4.wav,Bark Squeak Writing
3077dab1.wav,Bark Squeak Writing
3078b0a4.wav,Bark Squeak Writing
307d21e8.wav,Bark Squeak Writing
307e9f70.wav,Bark Squeak Writing
30874c68.wav,Bark Squeak Writing
30881d07.wav,Bark Squeak Writing
308a6424.wav,Bark Squeak Writing
30a320a3.wav,Bark Squeak Writing
30a36933.wav,Bark Squeak Writing
30a8d1e4.wav,Bark Squeak Writing
30b62182.wav,Bark Squeak Writing
30ba2b0e.wav,Bark Squeak Writing
30bb235b.wav,Bark Squeak Writing
30d9df9d.wav,Bark Squeak Writing
30dd3419.wav,Bark Squeak Writing
30e4be95.wav,Bark Squeak Writing
30e8633d.wav,Bark Squeak Writing
30eb5385.wav,Bark Squeak Writing
30ed02dc.wav,Bark Squeak Writing
30f0d392.wav,Bark Squeak Writing
30f4864f.wav,Bark Squeak Writing
3103dfd6.wav,Bark Squeak Writing
310403b7.wav,Bark Squeak Writing
311795eb.wav,Bark Squeak Writing
311e57cc.wav,Bark Squeak Writing
3125e485.wav,Bark Squeak Writing
3125f4e2.wav,Bark Squeak Writing
3127fdf6.wav,Bark Squeak Writing
31318ae6.wav,Bark Squeak Writing
3132a40c.wav,Bark Squeak Writing
31370617.wav,Bark Squeak Writing
313b6bd6.wav,Bark Squeak Writing
314dd106.wav,Bark Squeak Writing
315e2cf1.wav,Bark Squeak Writing
31656306.wav,Bark Squeak Writing
316b6a8b.wav,Bark Squeak Writing
316e82b0.wav,Bark Squeak Writing
318ad3a7.wav,Bark Squeak Writing
318da9b1.wav,Bark Squeak Writing
3192a42d.wav,Bark Squeak Writing
3194baa5.wav,Bark Squeak Writing
3195b119.wav,Bark Squeak Writing
31985344.wav,Bark Squeak Writing
319d5f33.wav,Bark Squeak Writing
31a5b56b.wav,Bark Squeak Writing
31b1b1af.wav,Bark Squeak Writing
31bf625c.wav,Bark Squeak Writing
31c02993.wav,Bark Squeak Writing
31c1e915.wav,Bark Squeak Writing
31c321b9.wav,Bark Squeak Writing
31c42d71.wav,Bark Squeak Writing
31daad59.wav,Bark Squeak Writing
31ede8e7.wav,Bark Squeak Writing
31f27c86.wav,Bark Squeak Writing
31fa9662.wav,Bark Squeak Writing
3202971f.wav,Bark Squeak Writing
32081921.wav,Bark Squeak Writing
320e8976.wav,Bark Squeak Writing
320ed8bd.wav,Bark Squeak Writing
321118ec.wav,Bark Squeak Writing
321a9ead.wav,Bark Squeak Writing
321d9f06.wav,Bark Squeak Writing
3222fa28.wav,Bark Squeak Writing
322b48ee.wav,Bark Squeak Writing
322f6dfb.wav,Bark Squeak Writing
3236f8f9.wav,Bark Squeak Writing
32393924.wav,Bark Squeak Writing
3242d7a5.wav,Bark Squeak Writing
324a4e40.wav,Bark Squeak Writing
324f30f2.wav,Bark Squeak Writing
325525ac.wav,Bark Squeak Writing
32560d9c.wav,Bark Squeak Writing
3263223e.wav,Bark Squeak Writing
326c56ff.wav,Bark Squeak Writing
326d98e9.wav,Bark Squeak Writing
327bdcaa.wav,Bark Squeak Writing
327e7750.wav,Bark Squeak Writing
328612aa.wav,Bark Squeak Writing
32938f53.wav,Bark Squeak Writing
329709f0.wav,Bark Squeak Writing
32a5773b.wav,Bark Squeak Writing
32af1d97.wav,Bark Squeak Writing
32b64892.wav,Bark Squeak Writing
32bdd578.wav,Bark Squeak Writing
32bf60d9.wav,Bark Squeak Writing
32c5a99e.wav,Bark Squeak Writing
32c63f3f.wav,Bark Squeak Writing
32cc31fd.wav,Bark Squeak Writing
32d54dbf.wav,Bark Squeak Writing
32d68d35.wav,Bark Squeak Writing
32e20304.wav,Bark Squeak Writing
32e375c3.wav,Bark Squeak Writing
32e67c5c.wav,Bark Squeak Writing
32ec5aeb.wav,Bark Squeak Writing
32f6364d.wav,Bark Squeak Writing
32f665c4.wav,Bark Squeak Writing
32fe0550.wav,Bark Squeak Writing
32ff9d27.wav,Bark Squeak Writing
330bcb8f.wav,Bark Squeak Writing
330ef55e.wav,Bark Squeak Writing
331332e4.wav,Bark Squeak Writing
331b550c.wav,Bark Squeak Writing
332db920.wav,Bark Squeak Writing
332dec50.wav,Bark Squeak Writing
3336c8bb.wav,Bark Squeak Writing
33404279.wav,Bark Squeak Writing
334bcacd.wav,Bark Squeak Writing
334c2df4.wav,Bark Squeak Writing
334f6481.wav,Bark Squeak Writing
3354ba9c.wav,Bark Squeak Writing
33596f0a.wav,Bark Squeak Writing
335d009e.wav,Bark Squeak Writing
336de5ff.wav,Bark Squeak Writing
3374eb78.wav,Bark Squeak Writing
337bb0d7.wav,Bark Squeak Writing
3385a800.wav,Bark Squeak Writing
3389dab8.wav,Bark Squeak Writing
338a1eec.wav,Bark Squeak Writing
338c1e9c.wav,Bark Squeak Writing
338ed597.wav,Bark Squeak Writing
3391a84f.wav,Bark Squeak Writing
33939435.wav,Bark Squeak Writing
339c6a9e.wav,Bark Squeak Writing
339cbd32.wav,Bark Squeak Writing
33a0c53d.wav,Bark Squeak Writing
33a0fa9d.wav,Bark Squeak Writing
33a11a7b.wav,Bark Squeak Writing
33b98766.wav,Bark Squeak Writing
33bd5275.wav,Bark Squeak Writing
33bf100e.wav,Bark Squeak Writing
33bf8bce.wav,Bark Squeak Writing
33ce149f.wav,Bark Squeak Writing
33db956c.wav,Bark Squeak Writing
33e12365.wav,Bark Squeak Writing
33e901fb.wav,Bark Squeak Writing
33ea32c3.wav,Bark Squeak Writing
33ed1199.wav,Bark Squeak Writing
340aad61.wav,Bark Squeak Writing
340afc6a.wav,Bark Squeak Writing
340bc3cd.wav,Bark Squeak Writing
341a6905.wav,Bark Squeak Writing
34204cf9.wav,Bark Squeak Writing
342a363c.wav,Bark Squeak Writing
3437507a.wav,Bark Squeak Writing
343f0d14.wav,Bark Squeak Writing
34404331.wav,Bark Squeak Writing
34409de5.wav,Bark Squeak Writing
344b32d4.wav,Bark Squeak Writing
3453b51c.wav,Bark Squeak Writing
345441d2.wav,Bark Squeak Writing
34618b30.wav,Bark Squeak Writing
3463b47a.wav,Bark Squeak Writing
3463f897.wav,Bark Squeak Writing
3466b1c4.wav,Bark Squeak Writing
3467f48f.wav,Bark Squeak Writing
346a3906.wav,Bark Squeak Writing
347bcaa2.wav,Bark Squeak Writing
347ebfa9.wav,Bark Squeak Writing
3484a9b9.wav,Bark Squeak Writing
3497cb5e.wav,Bark Squeak Writing
349eac2f.wav,Bark Squeak Writing
34a160da.wav,Bark Squeak Writing
34a3bc46.wav,Bark Squeak Writing
34a5404b.wav,Bark Squeak Writing
34be3cb0.wav,Bark Squeak Writing
34be5213.wav,Bark Squeak Writing
34c7a37b.wav,Bark Squeak Writing
34cddac7.wav,Bark Squeak Writing
34d1fffa.wav,Bark Squeak Writing
34d84768.wav,Bark Squeak Writing
34f6f431.wav,Bark Squeak Writing
34ff2f37.wav,Bark Squeak Writing
350b89b8.wav,Bark Squeak Writing
350ed42d.wav,Bark Squeak Writing
35115db0.wav,Bark Squeak Writing
351b0ba1.wav,Bark Squeak Writing
351dcc25.wav,Bark Squeak Writing
35235d3f.wav,Bark Squeak Writing
352c769d.wav,Bark Squeak Writing
352f143a.wav,Bark Squeak Writing
3531e0f4.wav,Bark Squeak Writing
3533dc16.wav,Bark Squeak Writing
3538f800.wav,Bark Squeak Writing
353b44b7.wav,Bark Squeak Writing
353f55db.wav,Bark Squeak Writing
3542eddc.wav,Bark Squeak Writing
35497fc4.wav,Bark Squeak Writing
355eeedf.wav,Bark Squeak Writing
355f0738.wav,Bark Squeak Writing
356cab15.wav,Bark Squeak Writing
3579ff4b.wav,Bark Squeak Writing
3592e0cb.wav,Bark Squeak Writing
3597c4e5.wav,Bark Squeak Writing
3598cc58.wav,Bark Squeak Writing
359c9ba3.wav,Bark Squeak Writing
35b91bb1.wav,Bark Squeak Writing
35bb05b0.wav,Bark Squeak Writing
35bf4ae5.wav,Bark Squeak Writing
35c0f6b7.wav,Bark Squeak Writing
35cb8bd1.wav,Bark Squeak Writing
35ce58ae.wav,Bark Squeak Writing
35d008df.wav,Bark Squeak Writing
35d0858d.wav,Bark Squeak Writing
35da43f9.wav,Bark Squeak Writing
35def6dc.wav,Bark Squeak Writing
35e1140b.wav,Bark Squeak Writing
35e4b0fd.wav,Bark Squeak Writing
35f3a48c.wav,Bark Squeak Writing
35f6a4b8.wav,Bark Squeak Writing
35ff3f29.wav,Bark Squeak Writing
35ffae5a.wav,Bark Squeak Writing
360348af.wav,Bark Squeak Writing
360e9c8e.wav,Bark Squeak Writing
360ed752.wav,Bark Squeak Writing
361285ac.wav,Bark Squeak Writing
3617db48.wav,Bark Squeak Writing
361c028f.wav,Bark Squeak Writing
361fbd17.wav,Bark Squeak Writing
3620c12b.wav,Bark Squeak Writing
3623b02e.wav,Bark Squeak Writing
363a3760.wav,Bark Squeak Writing
364d2e90.wav,Bark Squeak Writing
36507474.wav,Bark Squeak Writing
365a4c89.wav,Bark Squeak Writing
365f9044.wav,Bark Squeak Writing
3660d731.wav,Bark Squeak Writing
3668b282.wav,Bark Squeak Writing
36690c27.wav,Bark Squeak Writing
3670cc04.wav,Bark Squeak Writing
367ba81f.wav,Bark Squeak Writing
36a0c334.wav,Bark Squeak Writing
36a2202d.wav,Bark Squeak Writing
36a92b29.wav,Bark Squeak Writing
36a98063.wav,Bark Squeak Writing
36b4867e.wav,Bark Squeak Writing
36ba1f72.wav,Bark Squeak Writing
36cd9e16.wav,Bark Squeak Writing
36d47091.wav,Bark Squeak Writing
36dbdb68.wav,Bark Squeak Writing
36e470e4.wav,Bark Squeak Writing
36e7790c.wav,Bark Squeak Writing
36e79aec.wav,Bark Squeak Writing
36eae2b1.wav,Bark Squeak Writing
36ec121c.wav,Bark Squeak Writing
36f5daf6.wav,Bark Squeak Writing
36f6ba1e.wav,Bark Squeak Writing
36f81d4d.wav,Bark Squeak Writing
36f9dc1c.wav,Bark Squeak Writing
370156c4.wav,Bark Squeak Writing
370cad4d.wav,Bark Squeak Writing
370f79a2.wav,Bark Squeak Writing
371be693.wav,Bark Squeak Writing
371c577e.wav,Bark Squeak Writing
371f11c2.wav,Bark Squeak Writing
37398fcb.wav,Bark Squeak Writing
373b761c.wav,Bark Squeak Writing
3740d249.wav,Bark Squeak Writing
374a434b.wav,Bark Squeak Writing
374c8729.wav,Bark Squeak Writing
37534d14.wav,Bark Squeak Writing
375d2777.wav,Bark Squeak Writing
37686c61.wav,Bark Squeak Writing
37694c0e.wav,Bark Squeak Writing
37722c4c.wav,Bark Squeak Writing
3779929b.wav,Bark Squeak Writing
3789db8f.wav,Bark Squeak Writing
3790ad69.wav,Bark Squeak Writing
